FULL_CODE,PAR_CODE,PAR_NAME,DUN_CODE,DUN_NAME,DM_CODE,DM_NAME,POPULATION
004/01/01,004,LANGKAWI,01,AYER HANGAT,01,KUALA TERIANG,1370
004/01/02,004,LANGKAWI,01,AYER HANGAT,02,EWA,1416
004/01/03,004,LANGKAWI,01,AYER HANGAT,03,PADANG LALANG,2814
004/01/04,004,LANGKAWI,01,AYER HANGAT,04,KILIM,1015
004/01/05,004,LANGKAWI,01,AYER HANGAT,05,LADANG SUNGAI RAYA,1560
004/01/06,004,LANGKAWI,01,AYER HANGAT,06,WANG TOK RENDONG,733
004/01/07,004,LANGKAWI,01,AYER HANGAT,07,ULU MELAKA,1642
004/01/08,004,LANGKAWI,01,AYER HANGAT,08,NYIOR CHABANG,1436
004/01/09,004,LANGKAWI,01,AYER HANGAT,09,PADANG KANDANG,1869
004/01/10,004,LANGKAWI,01,AYER HANGAT,10,PADANG MATSIRAT,621
004/01/11,004,LANGKAWI,01,AYER HANGAT,11,KAMPUNG ATAS,1205
004/01/12,004,LANGKAWI,01,AYER HANGAT,12,BUKIT KEMBOJA,2033
004/01/13,004,LANGKAWI,01,AYER HANGAT,13,MAKAM MAHSURI,1178
004/02/01,004,LANGKAWI,02,KUAH,01,KAMPUNG GELAM,1024
004/02/02,004,LANGKAWI,02,KUAH,02,KEDAWANG,1146
004/02/03,004,LANGKAWI,02,KUAH,03,PANTAI CHENANG,1399
004/02/04,004,LANGKAWI,02,KUAH,04,TEMONYONG,1078
004/02/05,004,LANGKAWI,02,KUAH,05,KAMPUNG BAYAS,1077
004/02/06,004,LANGKAWI,02,KUAH,06,SUNGAI MENGHULU,2180
004/02/07,004,LANGKAWI,02,KUAH,07,KELIBANG,2042
004/02/08,004,LANGKAWI,02,KUAH,08,DUNDONG,1770
004/02/09,004,LANGKAWI,02,KUAH,09,PULAU DAYANG BUNTING,358
004/02/10,004,LANGKAWI,02,KUAH,10,LUBOK CHEMPEDAK,434
004/02/11,004,LANGKAWI,02,KUAH,11,KAMPUNG TUBA,1013
004/02/12,004,LANGKAWI,02,KUAH,12,KUAH,2583
004/02/13,004,LANGKAWI,02,KUAH,13,KAMPUNG BUKIT MALUT,1613
004/02/14,004,LANGKAWI,02,KUAH,14,BENDANG BARU,1036
005/03/01,005,JERLUN,03,KOTA SIPUTEH,01,KAMPUNG BAHAGIA,1135
005/03/02,005,JERLUN,03,KOTA SIPUTEH,02,KAMPUNG PERING,773
005/03/03,005,JERLUN,03,KOTA SIPUTEH,03,KAMPUNG KANDIS,1020
005/03/04,005,JERLUN,03,KOTA SIPUTEH,04,PEKAN KODIANG,2052
005/03/05,005,JERLUN,03,KOTA SIPUTEH,05,KAMPUNG KODIANG,2469
005/03/06,005,JERLUN,03,KOTA SIPUTEH,06,KAMPUNG SIPUTEH,956
005/03/07,005,JERLUN,03,KOTA SIPUTEH,07,MEGAT DEWA,1559
005/03/08,005,JERLUN,03,KOTA SIPUTEH,08,BUKIT HANTU,1992
005/03/09,005,JERLUN,03,KOTA SIPUTEH,09,MESJID PAYA,989
005/03/10,005,JERLUN,03,KOTA SIPUTEH,10,BATU 4 JALAN SANGLANG,1433
005/03/11,005,JERLUN,03,KOTA SIPUTEH,11,MANGGOL,1322
005/03/12,005,JERLUN,03,KOTA SIPUTEH,12,TOK KEPAK,951
005/03/13,005,JERLUN,03,KOTA SIPUTEH,13,SUNGAI KOROK,1012
005/03/14,005,JERLUN,03,KOTA SIPUTEH,14,BATAS BENGKOK,528
005/03/15,005,JERLUN,03,KOTA SIPUTEH,15,KAMPUNG SANGLANG,1548
005/03/16,005,JERLUN,03,KOTA SIPUTEH,16,KERPAN,1564
005/03/17,005,JERLUN,03,KOTA SIPUTEH,17,KUALA SANGLANG,1268
005/04/01,005,JERLUN,04,AYER HITAM,01,PADANG SERA,786
005/04/02,005,JERLUN,04,AYER HITAM,02,KAMPUNG MELELE,2488
005/04/03,005,JERLUN,04,AYER HITAM,03,KAMPUNG PUTAT,1495
005/04/04,005,JERLUN,04,AYER HITAM,04,KAMPUNG IMAM,1194
005/04/05,005,JERLUN,04,AYER HITAM,05,TELAGA BATU,1493
005/04/06,005,JERLUN,04,AYER HITAM,06,PADANG PERAHU,1374
005/04/07,005,JERLUN,04,AYER HITAM,07,KAMPUNG PIDA,1666
005/04/08,005,JERLUN,04,AYER HITAM,08,KAMPUNG GURINDAM,1347
005/04/09,005,JERLUN,04,AYER HITAM,09,ALOR BIAK,1991
005/04/10,005,JERLUN,04,AYER HITAM,10,KUBANG SEPAT,1403
005/04/11,005,JERLUN,04,AYER HITAM,11,LANA BULU,2306
005/04/12,005,JERLUN,04,AYER HITAM,12,PERMATANG PAKU,1797
005/04/13,005,JERLUN,04,AYER HITAM,13,MATANG BONGLAI,1714
005/04/14,005,JERLUN,04,AYER HITAM,14,JERLUN,1900
005/04/15,005,JERLUN,04,AYER HITAM,15,LUBOK PINANG,1613
005/04/16,005,JERLUN,04,AYER HITAM,16,PEKAN AYER HITAM,1953
005/04/17,005,JERLUN,04,AYER HITAM,17,KAMPUNG GANDAI,1295
005/04/18,005,JERLUN,04,AYER HITAM,18,KUBANG NIPAH,1332
006/05/01,006,KUBANG PASU,05,BUKIT KAYU HITAM,01,BUKIT KAYU HITAM,2739
006/05/02,006,KUBANG PASU,05,BUKIT KAYU HITAM,02,FELDA BUKIT TANGGA,1740
006/05/03,006,KUBANG PASU,05,BUKIT KAYU HITAM,03,TEMIN,905
006/05/04,006,KUBANG PASU,05,BUKIT KAYU HITAM,04,FELDA LAKA SELATAN,1347
006/05/05,006,KUBANG PASU,05,BUKIT KAYU HITAM,05,FELDA BATU LAPAN,1287
006/05/06,006,KUBANG PASU,05,BUKIT KAYU HITAM,06,PEKAN BARU CHANGLUN,2723
006/05/07,006,KUBANG PASU,05,BUKIT KAYU HITAM,07,PEKAN LAMA CHANGLUN,368
006/05/08,006,KUBANG PASU,05,BUKIT KAYU HITAM,08,SINTOK,1824
006/05/09,006,KUBANG PASU,05,BUKIT KAYU HITAM,09,KAMPUNG DARAT,1910
006/05/10,006,KUBANG PASU,05,BUKIT KAYU HITAM,10,KUBANG PASU,878
006/05/11,006,KUBANG PASU,05,BUKIT KAYU HITAM,11,GUAR NAPAI,512
006/05/12,006,KUBANG PASU,05,BUKIT KAYU HITAM,12,HUSBA,848
006/05/13,006,KUBANG PASU,05,BUKIT KAYU HITAM,13,KAMPUNG NAPOH,1526
006/05/14,006,KUBANG PASU,05,BUKIT KAYU HITAM,14,BINJAL,1307
006/05/15,006,KUBANG PASU,05,BUKIT KAYU HITAM,15,KAMPUNG BEMBAN,877
006/05/16,006,KUBANG PASU,05,BUKIT KAYU HITAM,16,PULAU PISANG,1332
006/05/17,006,KUBANG PASU,05,BUKIT KAYU HITAM,17,PEKAN TUNJANG,1312
006/05/18,006,KUBANG PASU,05,BUKIT KAYU HITAM,18,PULAU TIMBOL,1659
006/05/19,006,KUBANG PASU,05,BUKIT KAYU HITAM,19,PADANG LIMAU,1273
006/05/20,006,KUBANG PASU,05,BUKIT KAYU HITAM,20,PULAU NYIOR,1537
006/05/21,006,KUBANG PASU,05,BUKIT KAYU HITAM,21,KAMPUNG PULAU KETAM,775
006/05/22,006,KUBANG PASU,05,BUKIT KAYU HITAM,22,GELONG RAMBAI,1107
006/06/01,006,KUBANG PASU,06,JITRA,01,PAYA KEMUNTING,1331
006/06/02,006,KUBANG PASU,06,JITRA,02,KAMPUNG KULUANG,1021
006/06/03,006,KUBANG PASU,06,JITRA,03,MALAU,1055
006/06/04,006,KUBANG PASU,06,JITRA,04,PADANG PANJANG,1203
006/06/05,006,KUBANG PASU,06,JITRA,05,WANG TEPUS,1136
006/06/06,006,KUBANG PASU,06,JITRA,06,TAMAN JITRA JAYA,1597
006/06/07,006,KUBANG PASU,06,JITRA,07,TAMAN RASA SAYANG,1313
006/06/08,006,KUBANG PASU,06,JITRA,08,TAMAN PASU,2746
006/06/09,006,KUBANG PASU,06,JITRA,09,KAMPUNG TELOK NIBONG,2260
006/06/10,006,KUBANG PASU,06,JITRA,10,KAMPUNG BATU 13,983
006/06/11,006,KUBANG PASU,06,JITRA,11,TAMAN JITRA,1924
006/06/12,006,KUBANG PASU,06,JITRA,12,PANTAI HALBAN,2687
006/06/13,006,KUBANG PASU,06,JITRA,13,KAMPUNG TOK KESOP,1391
006/06/14,006,KUBANG PASU,06,JITRA,14,TANAH MERAH,2097
006/06/15,006,KUBANG PASU,06,JITRA,15,KAMPUNG TELOK MALIK,1380
006/06/16,006,KUBANG PASU,06,JITRA,16,KAMPUNG NAGA,1510
006/06/17,006,KUBANG PASU,06,JITRA,17,LUBUK KAWAH,1770
006/06/18,006,KUBANG PASU,06,JITRA,18,TAMAN MAHSURI,2338
006/06/19,006,KUBANG PASU,06,JITRA,19,ALOR RAMBAI,1359
006/06/20,006,KUBANG PASU,06,JITRA,20,LUBOK BATU,2079
006/06/21,006,KUBANG PASU,06,JITRA,21,BUKIT TINGGI,1377
006/06/22,006,KUBANG PASU,06,JITRA,22,KEPALA BATAS,1550
007/07/01,007,PADANG TERAP,07,KUALA NERANG,01,PADANG SANAI,1101
007/07/02,007,PADANG TERAP,07,KUALA NERANG,02,KUBANG PALAS,877
007/07/03,007,PADANG TERAP,07,KUALA NERANG,03,GULA PADANG TERAP,802
007/07/04,007,PADANG TERAP,07,KUALA NERANG,04,PADANG NYIOR,1068
007/07/05,007,PADANG TERAP,07,KUALA NERANG,05,KAMPUNG PISANG,645
007/07/06,007,PADANG TERAP,07,KUALA NERANG,06,KAMPUNG TANJONG,1409
007/07/07,007,PADANG TERAP,07,KUALA NERANG,07,TUALAK,1973
007/07/08,007,PADANG TERAP,07,KUALA NERANG,08,BELIMBING,1873
007/07/09,007,PADANG TERAP,07,KUALA NERANG,09,KAMPUNG BENDANG,920
007/07/10,007,PADANG TERAP,07,KUALA NERANG,10,PERIK,1399
007/07/11,007,PADANG TERAP,07,KUALA NERANG,11,KURONG HITAM,773
007/07/12,007,PADANG TERAP,07,KUALA NERANG,12,PEKAN KUALA NERANG,2599
007/07/13,007,PADANG TERAP,07,KUALA NERANG,13,RAMBUTAN,822
007/07/14,007,PADANG TERAP,07,KUALA NERANG,14,KAMPUNG NAI TEH,1205
007/07/15,007,PADANG TERAP,07,KUALA NERANG,15,BUKIT TEMBAGA,1884
007/07/16,007,PADANG TERAP,07,KUALA NERANG,16,KAMPUNG BAROKHAS,1270
007/07/17,007,PADANG TERAP,07,KUALA NERANG,17,NAKO NAMBUA,1333
007/08/01,007,PADANG TERAP,08,PEDU,01,KUALA TEKAI,1396
007/08/02,007,PADANG TERAP,08,PEDU,02,KAMPUNG MUSA,1094
007/08/03,007,PADANG TERAP,08,PEDU,03,PEDU,1274
007/08/04,007,PADANG TERAP,08,PEDU,04,TONG PELU,1344
007/08/05,007,PADANG TERAP,08,PEDU,05,KAMPUNG MESJID,2221
007/08/06,007,PADANG TERAP,08,PEDU,06,BELUKAR LUAS,1466
007/08/07,007,PADANG TERAP,08,PEDU,07,KUBANG BEMBAN,1317
007/08/08,007,PADANG TERAP,08,PEDU,08,TANDOP BESAR,2263
007/08/09,007,PADANG TERAP,08,PEDU,09,NAKA,2256
007/08/10,007,PADANG TERAP,08,PEDU,10,LAMDIN,1111
007/08/11,007,PADANG TERAP,08,PEDU,11,NAMI,1004
007/08/12,007,PADANG TERAP,08,PEDU,12,FELDA LUBOK MERBAU A,1960
007/08/13,007,PADANG TERAP,08,PEDU,13,FELDA LUBOK MERBAU B,1792
007/08/14,007,PADANG TERAP,08,PEDU,14,KAMPUNG MAHAWANGSA PADANG TERAP,426
008/09/01,008,POKOK SENA,09,BUKIT LADA,01,KEDUNDONG,573
008/09/02,008,POKOK SENA,09,BUKIT LADA,02,DERANG,1635
008/09/03,008,POKOK SENA,09,BUKIT LADA,03,KAMPUNG KEJAL,822
008/09/04,008,POKOK SENA,09,BUKIT LADA,04,GAJAH MATI,403
008/09/05,008,POKOK SENA,09,BUKIT LADA,05,BUKIT LAREK,2195
008/09/06,008,POKOK SENA,09,BUKIT LADA,06,PEKAN BAHRU POKOK SENA,1581
008/09/07,008,POKOK SENA,09,BUKIT LADA,07,PEKAN LAMA POKOK SENA,1516
008/09/08,008,POKOK SENA,09,BUKIT LADA,08,KAMPUNG KOLON,1535
008/09/09,008,POKOK SENA,09,BUKIT LADA,09,JABI,1768
008/09/10,008,POKOK SENA,09,BUKIT LADA,10,TELAGA MAS,1623
008/09/11,008,POKOK SENA,09,BUKIT LADA,11,TANJONG MUSANG,1238
008/09/12,008,POKOK SENA,09,BUKIT LADA,12,KEBUN 500,591
008/09/13,008,POKOK SENA,09,BUKIT LADA,13,KEPALA BENDANG,1204
008/09/14,008,POKOK SENA,09,BUKIT LADA,14,KAMPUNG MENERONG,979
008/09/15,008,POKOK SENA,09,BUKIT LADA,15,KAMPUNG PADANG,498
008/09/16,008,POKOK SENA,09,BUKIT LADA,16,KAMPUNG PAYA,467
008/09/17,008,POKOK SENA,09,BUKIT LADA,17,KAMPUNG NAWA,1444
008/09/18,008,POKOK SENA,09,BUKIT LADA,18,BUKIT PAYONG,2044
008/09/19,008,POKOK SENA,09,BUKIT LADA,19,KUBANG LERET,990
008/09/20,008,POKOK SENA,09,BUKIT LADA,20,KAMPUNG BUKIT,2160
008/09/21,008,POKOK SENA,09,BUKIT LADA,21,KUALA LANJUT,1774
008/09/22,008,POKOK SENA,09,BUKIT LADA,22,KAMPUNG PANCHOR,484
008/10/01,008,POKOK SENA,10,BUKIT PINANG,01,PAYA LENGKUAS,1103
008/10/02,008,POKOK SENA,10,BUKIT PINANG,02,BUKIT PINANG,2096
008/10/03,008,POKOK SENA,10,BUKIT PINANG,03,TITI BARU,3446
008/10/04,008,POKOK SENA,10,BUKIT PINANG,04,KUBANG LINTAH,1149
008/10/05,008,POKOK SENA,10,BUKIT PINANG,05,HUTAN KAMPUNG,2290
008/10/06,008,POKOK SENA,10,BUKIT PINANG,06,TAMAN BAYU,2240
008/10/07,008,POKOK SENA,10,BUKIT PINANG,07,KAMPUNG BOHOR,1349
008/10/08,008,POKOK SENA,10,BUKIT PINANG,08,LEPAI,1020
008/10/09,008,POKOK SENA,10,BUKIT PINANG,09,KAMPUNG SUNGAI MATI,2356
008/10/10,008,POKOK SENA,10,BUKIT PINANG,10,LIMBONG,1014
008/10/11,008,POKOK SENA,10,BUKIT PINANG,11,KAMPUNG ALOR SETOL,1471
008/10/12,008,POKOK SENA,10,BUKIT PINANG,12,PONDOK LANGGAR,2023
008/10/13,008,POKOK SENA,10,BUKIT PINANG,13,KAMPUNG LANGGAR B,917
008/10/14,008,POKOK SENA,10,BUKIT PINANG,14,TELOK JAMAT,1252
008/10/15,008,POKOK SENA,10,BUKIT PINANG,15,ALOR SENIBONG,682
008/10/16,008,POKOK SENA,10,BUKIT PINANG,16,TUALANG,1786
008/11/01,008,POKOK SENA,11,DERGA,01,TAMAN PKNK,2691
008/11/02,008,POKOK SENA,11,DERGA,02,ALOR MALAI,668
008/11/03,008,POKOK SENA,11,DERGA,03,KAMPUNG TELOK SENA,1290
008/11/04,008,POKOK SENA,11,DERGA,04,JALAN STADIUM,1522
008/11/05,008,POKOK SENA,11,DERGA,05,SENTOSA,1249
008/11/06,008,POKOK SENA,11,DERGA,06,JALAN AMBAR,1341
008/11/07,008,POKOK SENA,11,DERGA,07,DERGA,1447
008/11/08,008,POKOK SENA,11,DERGA,08,JALAN SHERIFF,2093
008/11/09,008,POKOK SENA,11,DERGA,09,ALOR SEGAMAT,2364
008/11/10,008,POKOK SENA,11,DERGA,10,TAMAN MEWAH,1397
008/11/11,008,POKOK SENA,11,DERGA,11,TAMAN NURI,2799
008/11/12,008,POKOK SENA,11,DERGA,12,TAMAN INTAN,2324
008/11/13,008,POKOK SENA,11,DERGA,13,TANJUNG SERI,1410
008/11/14,008,POKOK SENA,11,DERGA,14,TAMAN DERGA JAYA,2685
009/12/01,009,ALOR STAR,12,WIRA MERGONG,01,TAMAN MALAYSIA,1445
009/12/02,009,ALOR STAR,12,WIRA MERGONG,02,TAMAN GOLF,1484
009/12/03,009,ALOR STAR,12,WIRA MERGONG,03,TAMAN UDA,1548
009/12/04,009,ALOR STAR,12,WIRA MERGONG,04,JALAN SULTANAH,903
009/12/05,009,ALOR STAR,12,WIRA MERGONG,05,ALOR SEMADOM,946
009/12/06,009,ALOR STAR,12,WIRA MERGONG,06,SEBERANG PUMPONG,2154
009/12/07,009,ALOR STAR,12,WIRA MERGONG,07,SUKA MENANTI,1664
009/12/08,009,ALOR STAR,12,WIRA MERGONG,08,TAMAN WIRA,5414
009/12/09,009,ALOR STAR,12,WIRA MERGONG,09,GUNONG SALI,2378
009/12/10,009,ALOR STAR,12,WIRA MERGONG,10,KAMPUNG BERJAYA,1513
009/12/11,009,ALOR STAR,12,WIRA MERGONG,11,TELOK YAN,1057
009/12/12,009,ALOR STAR,12,WIRA MERGONG,12,KAMPUNG SEBERANG TERUS,1261
009/12/13,009,ALOR STAR,12,WIRA MERGONG,13,TAMAN RAKYAT MERGONG,2413
009/12/14,009,ALOR STAR,12,WIRA MERGONG,14,KAMPUNG BATIN,2296
009/12/15,009,ALOR STAR,12,WIRA MERGONG,15,ALOR MERAH,1365
009/13/01,009,ALOR STAR,13,KOTA DARUL AMAN,01,JALAN LUMPUR,977
009/13/02,009,ALOR STAR,13,KOTA DARUL AMAN,02,KAMPUNG PERAK,759
009/13/03,009,ALOR STAR,13,KOTA DARUL AMAN,03,SEBERANG NYONYA,439
009/13/04,009,ALOR STAR,13,KOTA DARUL AMAN,04,JALAN RAJA,1147
009/13/05,009,ALOR STAR,13,KOTA DARUL AMAN,05,JALAN KOLAM,1153
009/13/06,009,ALOR STAR,13,KOTA DARUL AMAN,06,PENGKALAN,810
009/13/07,009,ALOR STAR,13,KOTA DARUL AMAN,07,JALAN SEBERANG PERAK,823
009/13/08,009,ALOR STAR,13,KOTA DARUL AMAN,08,TAMAN BAHAGIA,1217
009/13/09,009,ALOR STAR,13,KOTA DARUL AMAN,09,KOTA TANAH,770
009/13/10,009,ALOR STAR,13,KOTA DARUL AMAN,10,KAMPUNG PIEW,617
009/13/11,009,ALOR STAR,13,KOTA DARUL AMAN,11,JALAN PEGAWAI,777
009/13/12,009,ALOR STAR,13,KOTA DARUL AMAN,12,SUNGAI KOROK,1356
009/13/13,009,ALOR STAR,13,KOTA DARUL AMAN,13,KAMPUNG TELOK,657
009/13/14,009,ALOR STAR,13,KOTA DARUL AMAN,14,BANDAR SIMPANG KUALA,1509
009/13/15,009,ALOR STAR,13,KOTA DARUL AMAN,15,RUMAH PANGSA SIMPANG KUALA,1288
009/13/16,009,ALOR STAR,13,KOTA DARUL AMAN,16,KAMPUNG PEGAWAI,735
009/13/17,009,ALOR STAR,13,KOTA DARUL AMAN,17,KANCHUT,773
009/13/18,009,ALOR STAR,13,KOTA DARUL AMAN,18,TAMBANG BADAK,599
009/13/19,009,ALOR STAR,13,KOTA DARUL AMAN,19,BAKAR BATA,1785
009/13/20,009,ALOR STAR,13,KOTA DARUL AMAN,20,JALAN STESYEN,673
009/13/21,009,ALOR STAR,13,KOTA DARUL AMAN,21,TAMAN BEE BEE,1516
009/13/22,009,ALOR STAR,13,KOTA DARUL AMAN,22,TONGKANG YARD,1100
009/14/01,009,ALOR STAR,14,ALOR MENGKUDU,01,KAMPUNG GELAM,1848
009/14/02,009,ALOR STAR,14,ALOR MENGKUDU,02,ALOR MELINTANG,1362
009/14/03,009,ALOR STAR,14,ALOR MENGKUDU,03,TITI HAJI IDRIS,1092
009/14/04,009,ALOR STAR,14,ALOR MENGKUDU,04,TOK SIBIL,1799
009/14/05,009,ALOR STAR,14,ALOR MENGKUDU,05,ALOR BINJAL,1184
009/14/06,009,ALOR STAR,14,ALOR MENGKUDU,06,TOK KELING,1645
009/14/07,009,ALOR STAR,14,ALOR MENGKUDU,07,LAHAR BUDI,836
009/14/08,009,ALOR STAR,14,ALOR MENGKUDU,08,ALOR MENGKUDU,1754
009/14/09,009,ALOR STAR,14,ALOR MENGKUDU,09,TAMAN SAGA,2938
009/14/10,009,ALOR STAR,14,ALOR MENGKUDU,10,TAMAN SULTAN ABDUL HALIM,1712
009/14/11,009,ALOR STAR,14,ALOR MENGKUDU,11,JALAN LANGGAR,451
009/14/12,009,ALOR STAR,14,ALOR MENGKUDU,12,KAMPUNG TANJONG BENDAHARA,2208
009/14/13,009,ALOR STAR,14,ALOR MENGKUDU,13,KERIANG PULAU,1855
009/14/14,009,ALOR STAR,14,ALOR MENGKUDU,14,SELARONG,2494
009/14/15,009,ALOR STAR,14,ALOR MENGKUDU,15,TANDOP,1188
010/15/01,010,KUALA KEDAH,15,ANAK BUKIT,01,TITI GAJAH,2394
010/15/02,010,KUALA KEDAH,15,ANAK BUKIT,02,ALOR GANU,460
010/15/03,010,KUALA KEDAH,15,ANAK BUKIT,03,ALOR MADI,645
010/15/04,010,KUALA KEDAH,15,ANAK BUKIT,04,KOTA RENTANG,898
010/15/05,010,KUALA KEDAH,15,ANAK BUKIT,05,PERMATANG KONG,1200
010/15/06,010,KUALA KEDAH,15,ANAK BUKIT,06,KUBANG RAJA,785
010/15/07,010,KUALA KEDAH,15,ANAK BUKIT,07,PADANG HANG,1596
010/15/08,010,KUALA KEDAH,15,ANAK BUKIT,08,PADANG LALANG,2221
010/15/09,010,KUALA KEDAH,15,ANAK BUKIT,09,GUNONG,2297
010/15/10,010,KUALA KEDAH,15,ANAK BUKIT,10,KUBANG TEDOH,1813
010/15/11,010,KUALA KEDAH,15,ANAK BUKIT,11,TAMAN AMAN,2271
010/15/12,010,KUALA KEDAH,15,ANAK BUKIT,12,PEKAN ANAK BUKIT,1318
010/15/13,010,KUALA KEDAH,15,ANAK BUKIT,13,KAMPUNG ANAK BUKIT,813
010/15/14,010,KUALA KEDAH,15,ANAK BUKIT,14,PANTAI JOHOR,994
010/15/15,010,KUALA KEDAH,15,ANAK BUKIT,15,CHEGAR,937
010/15/16,010,KUALA KEDAH,15,ANAK BUKIT,16,ALOR MELINTANG,2096
010/15/17,010,KUALA KEDAH,15,ANAK BUKIT,17,SUNGAI BARU,1451
010/15/18,010,KUALA KEDAH,15,ANAK BUKIT,18,MERGONG,2331
010/16/01,010,KUALA KEDAH,16,KUBANG ROTAN,01,KUAR JAWA,1014
010/16/02,010,KUALA KEDAH,16,KUBANG ROTAN,02,KUBANG JAWI,2564
010/16/03,010,KUALA KEDAH,16,KUBANG ROTAN,03,KUBANG JAMBU,1221
010/16/04,010,KUALA KEDAH,16,KUBANG ROTAN,04,KUBANG ROTAN,1418
010/16/05,010,KUALA KEDAH,16,KUBANG ROTAN,05,SEBERANG KOTA,2662
010/16/06,010,KUALA KEDAH,16,KUBANG ROTAN,06,KAMPUNG BAHRU,1065
010/16/07,010,KUALA KEDAH,16,KUBANG ROTAN,07,PEKAN KUALA KEDAH,1612
010/16/08,010,KUALA KEDAH,16,KUBANG ROTAN,08,TAMAN SRI PUTRA,3302
010/16/09,010,KUALA KEDAH,16,KUBANG ROTAN,09,KAMPUNG TENGAH,2613
010/16/10,010,KUALA KEDAH,16,KUBANG ROTAN,10,KAMPUNG BALAI,2148
010/16/11,010,KUALA KEDAH,16,KUBANG ROTAN,11,KUBANG PANGGAS,1114
010/16/12,010,KUALA KEDAH,16,KUBANG ROTAN,12,TELOK CHENGAI,3454
010/16/13,010,KUALA KEDAH,16,KUBANG ROTAN,13,TAMAN SERI AMPANG,1964
010/16/14,010,KUALA KEDAH,16,KUBANG ROTAN,14,TAMAN PELANGI,2433
010/16/15,010,KUALA KEDAH,16,KUBANG ROTAN,15,PEREMBA,1516
010/16/16,010,KUALA KEDAH,16,KUBANG ROTAN,16,TAMAN SULTAN BADLISHAH,2559
010/16/17,010,KUALA KEDAH,16,KUBANG ROTAN,17,TAMAN MALEK,1127
010/17/01,010,KUALA KEDAH,17,PENGKALAN KUNDOR,01,TELOK KECHAI,1358
010/17/02,010,KUALA KEDAH,17,PENGKALAN KUNDOR,02,TAMAN SOPHIA,4714
010/17/03,010,KUALA KEDAH,17,PENGKALAN KUNDOR,03,TAMAN BERSATU,4863
010/17/04,010,KUALA KEDAH,17,PENGKALAN KUNDOR,04,TELOK BAGAN,1980
010/17/05,010,KUALA KEDAH,17,PENGKALAN KUNDOR,05,KEBUN PINANG,858
010/17/06,010,KUALA KEDAH,17,PENGKALAN KUNDOR,06,TEBENGAU,1944
010/17/07,010,KUALA KEDAH,17,PENGKALAN KUNDOR,07,KAMPUNG BENUA,789
010/17/08,010,KUALA KEDAH,17,PENGKALAN KUNDOR,08,TAMAN CENGKEH,1465
010/17/09,010,KUALA KEDAH,17,PENGKALAN KUNDOR,09,SIMPANG EMPAT,2421
010/17/10,010,KUALA KEDAH,17,PENGKALAN KUNDOR,10,SELARONG PANJANG,2123
010/17/11,010,KUALA KEDAH,17,PENGKALAN KUNDOR,11,PERMATANG IBUS,1321
010/17/12,010,KUALA KEDAH,17,PENGKALAN KUNDOR,12,KUALA SALA,2099
010/17/13,010,KUALA KEDAH,17,PENGKALAN KUNDOR,13,SALA KECHIL,819
010/17/14,010,KUALA KEDAH,17,PENGKALAN KUNDOR,14,SELARONG BATANG,648
010/17/15,010,KUALA KEDAH,17,PENGKALAN KUNDOR,15,BULOH LIMA,950
010/17/16,010,KUALA KEDAH,17,PENGKALAN KUNDOR,16,TAMAN IMPIAN,1598
010/17/17,010,KUALA KEDAH,17,PENGKALAN KUNDOR,17,KOTA SARANG SEMUT,1222
011/18/01,011,PENDANG,18,TOKAI,01,SRI PUDAK,902
011/18/02,011,PENDANG,18,TOKAI,02,KEPALA BUKIT,1800
011/18/03,011,PENDANG,18,TOKAI,03,KAMPUNG PENYAROM,917
011/18/04,011,PENDANG,18,TOKAI,04,TANAH MERAH,1145
011/18/05,011,PENDANG,18,TOKAI,05,KAMPUNG RAMBAI,1913
011/18/06,011,PENDANG,18,TOKAI,06,KUBANG JELAI,1986
011/18/07,011,PENDANG,18,TOKAI,07,PEKAN TOKAI,2249
011/18/08,011,PENDANG,18,TOKAI,08,KAMPUNG PULAI,777
011/18/09,011,PENDANG,18,TOKAI,09,ALOR BESAR,720
011/18/10,011,PENDANG,18,TOKAI,10,KOBAH,1460
011/18/11,011,PENDANG,18,TOKAI,11,TEMPOYAK,370
011/18/12,011,PENDANG,18,TOKAI,12,SEBRANG PENDANG,2794
011/18/13,011,PENDANG,18,TOKAI,13,PEKAN PENDANG,1063
011/18/14,011,PENDANG,18,TOKAI,14,BUKIT RAYA,2167
011/18/15,011,PENDANG,18,TOKAI,15,BANGGOL BESI,1785
011/18/16,011,PENDANG,18,TOKAI,16,GUAR KEPAYANG,2560
011/18/17,011,PENDANG,18,TOKAI,17,CHEROK KUDONG,1334
011/18/18,011,PENDANG,18,TOKAI,18,GAJAH MATI,2194
011/18/19,011,PENDANG,18,TOKAI,19,MANGGOL PETAI,2956
011/18/20,011,PENDANG,18,TOKAI,20,PAYA KELUBI,1491
011/18/21,011,PENDANG,18,TOKAI,21,BATU MANUNGGUL,1956
011/19/01,011,PENDANG,19,SUNGAI TIANG,01,KUBOR PANJANG,2454
011/19/02,011,PENDANG,19,SUNGAI TIANG,02,KAMPUNG PERUPOK,1953
011/19/03,011,PENDANG,19,SUNGAI TIANG,03,KAMPUNG CHINA,1570
011/19/04,011,PENDANG,19,SUNGAI TIANG,04,PADANG DURIAN,1038
011/19/05,011,PENDANG,19,SUNGAI TIANG,05,POKOK ASSAM,1178
011/19/06,011,PENDANG,19,SUNGAI TIANG,06,KAMPUNG BELAT,2116
011/19/07,011,PENDANG,19,SUNGAI TIANG,07,PAYA RAWA,1478
011/19/08,011,PENDANG,19,SUNGAI TIANG,08,KAMPUNG BECHAH,1284
011/19/09,011,PENDANG,19,SUNGAI TIANG,09,TITI AKAR,951
011/19/10,011,PENDANG,19,SUNGAI TIANG,10,SUNGAI TIANG BLOK B,1561
011/19/11,011,PENDANG,19,SUNGAI TIANG,11,SUNGAI TIANG BLOK A,1523
011/19/12,011,PENDANG,19,SUNGAI TIANG,12,KAMPUNG MAHAWANGSA PENDANG,231
011/19/13,011,PENDANG,19,SUNGAI TIANG,13,KAMPUNG BAHRU,2695
011/19/14,011,PENDANG,19,SUNGAI TIANG,14,SAWA KECHIL,1201
011/19/15,011,PENDANG,19,SUNGAI TIANG,15,PADANG PUSING,2280
011/19/16,011,PENDANG,19,SUNGAI TIANG,16,AYER PUTEH,2373
011/19/17,011,PENDANG,19,SUNGAI TIANG,17,BUKIT JAMBOL,1848
011/19/18,011,PENDANG,19,SUNGAI TIANG,18,JUNUN,2305
011/19/19,011,PENDANG,19,SUNGAI TIANG,19,TANJONG SETOL,1383
011/19/20,011,PENDANG,19,SUNGAI TIANG,20,BUKIT GENTING,995
011/19/21,011,PENDANG,19,SUNGAI TIANG,21,POKOK TAI,1380
011/19/22,011,PENDANG,19,SUNGAI TIANG,22,PAYA MAK INSON,1555
011/19/23,011,PENDANG,19,SUNGAI TIANG,23,PAYA MENGKUANG,806
012/20/01,012,JERAI,20,SUNGAI LIMAU,01,MATANG BULOH,2148
012/20/02,012,JERAI,20,SUNGAI LIMAU,02,SUNGAI DEDAP,1814
012/20/03,012,JERAI,20,SUNGAI LIMAU,03,GELAM TIGA,1233
012/20/04,012,JERAI,20,SUNGAI LIMAU,04,BUKIT CHORAS,978
012/20/05,012,JERAI,20,SUNGAI LIMAU,05,BUKIT BESAR,2195
012/20/06,012,JERAI,20,SUNGAI LIMAU,06,SIMPANG TIGA LUAR,1525
012/20/07,012,JERAI,20,SUNGAI LIMAU,07,SIMPANG TIGA,1306
012/20/08,012,JERAI,20,SUNGAI LIMAU,08,SELENGKOH,1078
012/20/09,012,JERAI,20,SUNGAI LIMAU,09,SUNGAI DAUN,1817
012/20/10,012,JERAI,20,SUNGAI LIMAU,10,SUNGAI LIMAU,1269
012/20/11,012,JERAI,20,SUNGAI LIMAU,11,KABU SEPULOH,1999
012/20/12,012,JERAI,20,SUNGAI LIMAU,12,SUNGAI KERING,358
012/20/13,012,JERAI,20,SUNGAI LIMAU,13,SEDAKA,1482
012/20/14,012,JERAI,20,SUNGAI LIMAU,14,ULU SEDAKA,1528
012/20/15,012,JERAI,20,SUNGAI LIMAU,15,PADANG LUMAT,830
012/20/16,012,JERAI,20,SUNGAI LIMAU,16,BATU ENAM BELAS,1290
012/20/17,012,JERAI,20,SUNGAI LIMAU,17,KAMPUNG TITI BATU,1712
012/20/18,012,JERAI,20,SUNGAI LIMAU,18,DULANG KECHIL,1718
012/20/19,012,JERAI,20,SUNGAI LIMAU,19,DULANG BESAR,996
012/21/01,012,JERAI,21,GUAR CHEMPEDAK,01,PONDOK HAJI MAJID,1757
012/21/02,012,JERAI,21,GUAR CHEMPEDAK,02,TAMAN SRI WANGSA,1944
012/21/03,012,JERAI,21,GUAR CHEMPEDAK,03,PONDOK HAJI HUSSEIN,1617
012/21/04,012,JERAI,21,GUAR CHEMPEDAK,04,TITI TERAS,674
012/21/05,012,JERAI,21,GUAR CHEMPEDAK,05,TEROI,1603
012/21/06,012,JERAI,21,GUAR CHEMPEDAK,06,TITI SERONG,1189
012/21/07,012,JERAI,21,GUAR CHEMPEDAK,07,KUALA YAN KECHIL,1066
012/21/08,012,JERAI,21,GUAR CHEMPEDAK,08,PEKAN SUNGAI YAN,1541
012/21/09,012,JERAI,21,GUAR CHEMPEDAK,09,SUNGAI UDANG,1700
012/21/10,012,JERAI,21,GUAR CHEMPEDAK,10,SINGKIR DARAT,1377
012/21/11,012,JERAI,21,GUAR CHEMPEDAK,11,KAMPUNG ACHEH,1176
012/21/12,012,JERAI,21,GUAR CHEMPEDAK,12,LUBOK BUOY,526
012/21/13,012,JERAI,21,GUAR CHEMPEDAK,13,PEKAN YAN,2110
012/21/14,012,JERAI,21,GUAR CHEMPEDAK,14,SUNGAI RAGA,1061
012/21/15,012,JERAI,21,GUAR CHEMPEDAK,15,RUAT,768
012/21/16,012,JERAI,21,GUAR CHEMPEDAK,16,SINGKIR LAUT,678
012/22/01,012,JERAI,22,GURUN,01,PEKAN JENIANG,776
012/22/02,012,JERAI,22,GURUN,02,KAMPUNG JENIANG,860
012/22/03,012,JERAI,22,GURUN,03,BATU SEPULOH,1316
012/22/04,012,JERAI,22,GURUN,04,BATU 9,733
012/22/05,012,JERAI,22,GURUN,05,PADANG LEMBU,3016
012/22/06,012,JERAI,22,GURUN,06,SUNGAI ROTAN,483
012/22/07,012,JERAI,22,GURUN,07,GURUN,1195
012/22/08,012,JERAI,22,GURUN,08,PULAU CHENGAI,1050
012/22/09,012,JERAI,22,GURUN,09,BONGKOK GURUN,1553
012/22/10,012,JERAI,22,GURUN,10,PEKAN GURUN,3249
012/22/11,012,JERAI,22,GURUN,11,PEKAN BARU GURUN,1594
012/22/12,012,JERAI,22,GURUN,12,KAMPUNG GURUN,1622
012/22/13,012,JERAI,22,GURUN,13,TAMAN SERI JERAI,2222
012/22/14,012,JERAI,22,GURUN,14,LADANG JERAI,1001
012/22/15,012,JERAI,22,GURUN,15,SUNGAI PUNTAR,512
012/22/16,012,JERAI,22,GURUN,16,SUNGAI TOK PAWANG,668
012/22/17,012,JERAI,22,GURUN,17,KAMPUNG MESJID,3353
012/22/18,012,JERAI,23,GURUN,18,PEKAN BAHRU BEDONG,812
013/23/01,013,SIK,23,BELANTEK,01,KOTA AUR,671
013/23/02,013,SIK,23,BELANTEK,02,BELANTEK,1925
013/23/03,013,SIK,23,BELANTEK,03,KAMPUNG GULAU,2517
013/23/04,013,SIK,23,BELANTEK,04,KUBANG KESOM,1042
013/23/05,013,SIK,23,BELANTEK,05,CHEPIR,1671
013/23/06,013,SIK,23,BELANTEK,06,KAMPUNG CHONG,2862
013/23/07,013,SIK,23,BELANTEK,07,BENDANG MAN,1467
013/23/08,013,SIK,23,BELANTEK,08,DURIAN BURONG,928
013/23/09,013,SIK,23,BELANTEK,09,CHAROK KIT,1230
013/23/10,013,SIK,23,BELANTEK,10,KAMPUNG DUSUN,1117
013/23/11,013,SIK,23,BELANTEK,11,PEKAN SIK,922
013/23/12,013,SIK,23,BELANTEK,12,KAMPUNG SADU,1013
013/23/13,013,SIK,23,BELANTEK,13,KAMPUNG NAMEK,1634
013/23/14,013,SIK,23,BELANTEK,14,KAMPUNG KEMELONG,2277
013/24/01,013,SIK,24,JENERI,01,PADANG CHICHAK,1533
013/24/02,013,SIK,24,JENERI,02,KAMPUNG BETONG,2550
013/24/03,013,SIK,24,JENERI,03,KOTA BUKIT,1968
013/24/04,013,SIK,24,JENERI,04,KUALA JENERI,2984
013/24/05,013,SIK,24,JENERI,05,KAMPUNG KALAI,993
013/24/06,013,SIK,24,JENERI,06,KAMPUNG KUALA BIGIA,581
013/24/07,013,SIK,24,JENERI,07,KAMPUNG CHEMARA,1118
013/24/08,013,SIK,24,JENERI,08,KAMPUNG BIGIA,918
013/24/09,013,SIK,24,JENERI,09,KAMPUNG TELUI,1895
013/24/10,013,SIK,24,JENERI,10,BATU LIMA,918
013/24/11,013,SIK,24,JENERI,11,CHAROK PADANG,1219
013/24/12,013,SIK,24,JENERI,12,HUJONG BANDAR,1475
013/24/13,013,SIK,24,JENERI,13,KAMPUNG BANDAR,1157
013/24/14,013,SIK,24,JENERI,14,TUPAI,1898
013/24/15,013,SIK,24,JENERI,15,FELDA TELUI TIMOR,2954
013/24/16,013,SIK,24,JENERI,16,BERIS JAYA,1608
014/25/01,014,MERBOK,25,BUKIT SELAMBAU,01,KUALA SIN,962
014/25/02,014,MERBOK,25,BUKIT SELAMBAU,02,KAMPUNG SUNGKAP,715
014/25/03,014,MERBOK,25,BUKIT SELAMBAU,03,BUKIT LEMBU,1219
014/25/04,014,MERBOK,25,BUKIT SELAMBAU,04,TAMAN BANDAR BARU,6436
014/25/05,014,MERBOK,25,BUKIT SELAMBAU,05,SUNGAI LALANG,3769
014/25/06,014,MERBOK,25,BUKIT SELAMBAU,06,TAMAN DESA AMAN,3761
014/25/07,014,MERBOK,25,BUKIT SELAMBAU,07,BANDAR LAGUNA MERBOK,2204
014/25/08,014,MERBOK,25,BUKIT SELAMBAU,08,TASEK APONG,2810
014/25/09,014,MERBOK,25,BUKIT SELAMBAU,09,AIR MENIDEH,2066
014/25/10,014,MERBOK,25,BUKIT SELAMBAU,10,JALAN BADLISHAH,562
014/25/11,014,MERBOK,25,BUKIT SELAMBAU,11,TAMAN PERUDA,2632
014/25/12,014,MERBOK,25,BUKIT SELAMBAU,12,TAMAN RIA UTARA,3042
014/25/13,014,MERBOK,25,BUKIT SELAMBAU,13,UNITED PETANI,1080
014/25/14,014,MERBOK,25,BUKIT SELAMBAU,14,PETANI PARA,288
014/25/15,014,MERBOK,25,BUKIT SELAMBAU,15,BUKIT RUSA,1506
014/25/16,014,MERBOK,25,BUKIT SELAMBAU,16,PEKAN BUKIT SELAMBAU,1973
014/25/17,014,MERBOK,25,BUKIT SELAMBAU,17,KAMPUNG POKOK MACHANG,1176
014/25/18,014,MERBOK,25,BUKIT SELAMBAU,18,BATU BELACHAN,807
014/25/19,014,MERBOK,25,BUKIT SELAMBAU,19,TITI PANJANG,841
014/25/20,014,MERBOK,25,BUKIT SELAMBAU,20,AMBANGAN HEIGHT,237
014/25/21,014,MERBOK,25,BUKIT SELAMBAU,21,TAMAN RIA SELATAN,3568
014/26/01,014,MERBOK,26,TANJONG DAWAI,01,BUJANG,2189
014/26/02,014,MERBOK,26,TANJONG DAWAI,02,PEKAN SABTU MERBOK,1171
014/26/03,014,MERBOK,26,TANJONG DAWAI,03,SIMPANG TIGA PASIR,1417
014/26/04,014,MERBOK,26,TANJONG DAWAI,04,PEKAN MERBOK,1334
014/26/05,014,MERBOK,26,TANJONG DAWAI,05,KAMPUNG PASIR,1036
014/26/06,014,MERBOK,26,TANJONG DAWAI,06,KAMPUNG HUMA,1144
014/26/07,014,MERBOK,26,TANJONG DAWAI,07,TANJONG DAWAI,1876
014/26/08,014,MERBOK,26,TANJONG DAWAI,08,BATU HAMPAR,1689
014/26/09,014,MERBOK,26,TANJONG DAWAI,09,PENGKALAN BUJANG,1193
014/26/10,014,MERBOK,26,TANJONG DAWAI,10,SUNGAI GELAM,1500
014/26/11,014,MERBOK,26,TANJONG DAWAI,11,SUNGAI JAGONG,1277
014/26/12,014,MERBOK,26,TANJONG DAWAI,12,SUNGAI LAYAR,2123
014/26/13,014,MERBOK,26,TANJONG DAWAI,13,SEMELING KANAN,1503
014/26/14,014,MERBOK,26,TANJONG DAWAI,14,SEMELING KIRI,1787
014/26/15,014,MERBOK,26,TANJONG DAWAI,15,KAMPUNG BEDONG,2663
014/26/16,014,MERBOK,26,TANJONG DAWAI,16,TAMAN ORKID,1209
014/26/17,014,MERBOK,26,TANJONG DAWAI,17,TAMAN SRI TANJONG,3004
014/26/18,014,MERBOK,26,TANJONG DAWAI,18,BUNGA RAYA,1517
014/26/19,014,MERBOK,26,TANJONG DAWAI,19,SEKOLAH IBRAHIM,7142
015/27/01,015,SUNGAI PETANI,27,PANTAI MERDEKA,01,BUKIT KECHIK,2130
015/27/02,015,SUNGAI PETANI,27,PANTAI MERDEKA,02,BUKIT MERIAM,1069
015/27/03,015,SUNGAI PETANI,27,PANTAI MERDEKA,03,SINTOK BUGIS,943
015/27/04,015,SUNGAI PETANI,27,PANTAI MERDEKA,04,PADANG SALIM,1215
015/27/05,015,SUNGAI PETANI,27,PANTAI MERDEKA,05,KUALA MUDA,1049
015/27/06,015,SUNGAI PETANI,27,PANTAI MERDEKA,06,HAJI KUDONG,955
015/27/07,015,SUNGAI PETANI,27,PANTAI MERDEKA,07,KOTA KUALA MUDA,1210
015/27/08,015,SUNGAI PETANI,27,PANTAI MERDEKA,08,SUNGAI MAS,1333
015/27/09,015,SUNGAI PETANI,27,PANTAI MERDEKA,09,RANTAU PANJANG,1469
015/27/10,015,SUNGAI PETANI,27,PANTAI MERDEKA,10,PEKAN TIKAM BATU,1387
015/27/11,015,SUNGAI PETANI,27,PANTAI MERDEKA,11,KAMPUNG SIMPOR,1264
015/27/12,015,SUNGAI PETANI,27,PANTAI MERDEKA,12,BATU LINTANG,1653
015/27/13,015,SUNGAI PETANI,27,PANTAI MERDEKA,13,SIMPOR TIMOR,1259
015/27/14,015,SUNGAI PETANI,27,PANTAI MERDEKA,14,TELOK WANG,3378
015/27/15,015,SUNGAI PETANI,27,PANTAI MERDEKA,15,KAMPUNG BERAPIT,1520
015/27/16,015,SUNGAI PETANI,27,PANTAI MERDEKA,16,KAMPUNG TIKAM BATU,2430
015/27/17,015,SUNGAI PETANI,27,PANTAI MERDEKA,17,PEKULA,2791
015/27/18,015,SUNGAI PETANI,27,PANTAI MERDEKA,18,PADANG TEMUSU,2529
015/27/19,015,SUNGAI PETANI,27,PANTAI MERDEKA,19,PINANG TUNGGAL,3684
015/28/01,015,SUNGAI PETANI,28,BAKAR ARANG,01,TAMAN DAHLIA,673
015/28/02,015,SUNGAI PETANI,28,BAKAR ARANG,02,JALAN PENGKALAN,1340
015/28/03,015,SUNGAI PETANI,28,BAKAR ARANG,03,KOLAM AIR,593
015/28/04,015,SUNGAI PETANI,28,BAKAR ARANG,04,BANDAR,691
015/28/05,015,SUNGAI PETANI,28,BAKAR ARANG,05,SIMPANG TIGA PEKAN LAMA,1048
015/28/06,015,SUNGAI PETANI,28,BAKAR ARANG,06,PETERI,345
015/28/07,015,SUNGAI PETANI,28,BAKAR ARANG,07,KAMPUNG BAHRU,1670
015/28/08,015,SUNGAI PETANI,28,BAKAR ARANG,08,TAMAN SENTOSA,880
015/28/09,015,SUNGAI PETANI,28,BAKAR ARANG,09,TAMAN DELIMA,2048
015/28/10,015,SUNGAI PETANI,28,BAKAR ARANG,10,TAMAN INTAN,3125
015/28/11,015,SUNGAI PETANI,28,BAKAR ARANG,11,BAKAR ARANG,3854
015/28/12,015,SUNGAI PETANI,28,BAKAR ARANG,12,TAMAN ARKED,1664
015/28/13,015,SUNGAI PETANI,28,BAKAR ARANG,13,TAMAN MAKMUR,2257
015/28/14,015,SUNGAI PETANI,28,BAKAR ARANG,14,SUNGAI PASIR,1188
015/28/15,015,SUNGAI PETANI,28,BAKAR ARANG,15,TAMAN NILAM,1292
015/28/16,015,SUNGAI PETANI,28,BAKAR ARANG,16,TAMAN SEJATI INDAH,3528
015/28/17,015,SUNGAI PETANI,28,BAKAR ARANG,17,TAMAN SRI WANG,1734
015/28/18,015,SUNGAI PETANI,28,BAKAR ARANG,18,TAMAN KELADI,7115
015/29/01,015,SUNGAI PETANI,29,SIDAM,01,TAMAN MUTIARA,2292
015/29/02,015,SUNGAI PETANI,29,SIDAM,02,PEKAN LAMA,1929
015/29/03,015,SUNGAI PETANI,29,SIDAM,03,PADANG BULOH,1009
015/29/04,015,SUNGAI PETANI,29,SIDAM,04,KAMPUNG SIDAM,1365
015/29/05,015,SUNGAI PETANI,29,SIDAM,05,KAMPUNG RAJA,3448
015/29/06,015,SUNGAI PETANI,29,SIDAM,06,SCARBORO,740
015/29/07,015,SUNGAI PETANI,29,SIDAM,07,PENGKALAN LEBAI MAN,4195
015/29/08,015,SUNGAI PETANI,29,SIDAM,08,TAMAN SUTERA,1951
015/29/09,015,SUNGAI PETANI,29,SIDAM,09,SERI IMPIAN,3409
015/29/10,015,SUNGAI PETANI,29,SIDAM,10,PUTERI JAYA,3341
015/29/11,015,SUNGAI PETANI,29,SIDAM,11,KAMPUNG SARUKAM,736
015/29/12,015,SUNGAI PETANI,29,SIDAM,12,PANTAI PRAI,956
015/29/13,015,SUNGAI PETANI,29,SIDAM,13,TAMAN RIA JAYA,8145
016/30/01,016,BALING,30,BAYU,01,KAMPUNG BATU LAPAN,816
016/30/02,016,BALING,30,BAYU,02,TANJONG PARI,1184
016/30/03,016,BALING,30,BAYU,03,KAMPUNG WENG,1280
016/30/04,016,BALING,30,BAYU,04,KAMPUNG SURAU,2011
016/30/05,016,BALING,30,BAYU,05,KAMPUNG LEGONG,496
016/30/06,016,BALING,30,BAYU,06,KAMPUNG LALANG,1684
016/30/07,016,BALING,30,BAYU,07,KAMPUNG LUAR,1213
016/30/08,016,BALING,30,BAYU,08,KAMPUNG BANDAR,1762
016/30/09,016,BALING,30,BAYU,09,TANDOP,1265
016/30/10,016,BALING,30,BAYU,10,BONGOR MESJID,1340
016/30/11,016,BALING,30,BAYU,11,BONGOR SEKOLAH,972
016/30/12,016,BALING,30,BAYU,12,KAMPUNG HAJI ABBAS,1025
016/30/13,016,BALING,30,BAYU,13,RAMBONG BALING,830
016/30/14,016,BALING,30,BAYU,14,BATU 7 JALAN KROH,851
016/30/15,016,BALING,30,BAYU,15,SIMPANG EMPAT,866
016/30/16,016,BALING,30,BAYU,16,PEKAN BALING,1403
016/30/17,016,BALING,30,BAYU,17,BUKIT BALING,681
016/30/18,016,BALING,30,BAYU,18,SEBRANG BALING,1197
016/30/19,016,BALING,30,BAYU,19,DALAM WANG,1347
016/30/20,016,BALING,30,BAYU,20,PEKAN PULAI,1866
016/30/21,016,BALING,30,BAYU,21,POKOK SENA,2047
016/30/22,016,BALING,30,BAYU,22,TELOK TEDURI,907
016/30/23,016,BALING,30,BAYU,23,SERA MESJID,869
016/30/24,016,BALING,30,BAYU,24,TELOK SERA,1036
016/30/25,016,BALING,30,BAYU,25,KAMPUNG TIAK,1568
016/30/26,016,BALING,30,BAYU,26,BENDANG PADANG,963
016/30/27,016,BALING,30,BAYU,27,KUALA KUANG,1516
016/30/28,016,BALING,30,BAYU,28,KAMPUNGIBOI,2125
016/31/01,016,BALING,31,KUPANG,01,CHAROK SALANG,858
016/31/02,016,BALING,31,KUPANG,02,KAMPUNG ASAM JAWA,1377
016/31/03,016,BALING,31,KUPANG,03,CHAROK KELIAN,1202
016/31/04,016,BALING,31,KUPANG,04,SUNGAI LIMAU,1298
016/31/05,016,BALING,31,KUPANG,05,CHAROK BEMBAN,1468
016/31/06,016,BALING,31,KUPANG,06,GUA REBAN,1271
016/31/07,016,BALING,31,KUPANG,07,KAMPUNG PADANG,1190
016/31/08,016,BALING,31,KUPANG,08,LANAI,1261
016/31/09,016,BALING,31,KUPANG,09,MENGKUANG,1657
016/31/10,016,BALING,31,KUPANG,10,LUBOK KABU,1141
016/31/11,016,BALING,31,KUPANG,11,KUALA PEGANG,1146
016/31/12,016,BALING,31,KUPANG,12,KAMPUNG RAJA,542
016/31/13,016,BALING,31,KUPANG,13,KAMPUNG LANDAK,1476
016/31/14,016,BALING,31,KUPANG,14,PEKAN KUPANG,1069
016/31/15,016,BALING,31,KUPANG,15,KUALA CHENERAI,821
016/31/16,016,BALING,31,KUPANG,16,KETEMBA,1203
016/31/17,016,BALING,31,KUPANG,17,KAMPUNG SADEK,1404
016/31/18,016,BALING,31,KUPANG,18,BUKIT TERABAK,1659
016/31/19,016,BALING,31,KUPANG,19,SIMPANG JERAI,1059
016/31/20,016,BALING,31,KUPANG,20,KAMPUNG TANJONG,1495
016/31/21,016,BALING,31,KUPANG,21,LADANG SUNGAI TAWAR,557
016/31/22,016,BALING,31,KUPANG,22,BADENOCH,806
016/31/23,016,BALING,31,KUPANG,23,ULU BAKAI,768
016/31/24,016,BALING,31,KUPANG,24,PEKAN MALAU,1206
016/31/25,016,BALING,31,KUPANG,25,BADANG,2087
016/31/26,016,BALING,31,KUPANG,26,KAMPUNG SIDIM,810
016/32/01,016,BALING,32,KUALA KETIL,01,FELDA TELOI KANAN,2096
016/32/02,016,BALING,32,KUALA KETIL,02,KAMPUNG GUAR CHEMPEDAK,1521
016/32/03,016,BALING,32,KUALA KETIL,03,PADANG KULIM,816
016/32/04,016,BALING,32,KUALA KETIL,04,PEKAN BARU KUALA KETIL,830
016/32/05,016,BALING,32,KUALA KETIL,05,PEKAN LAMA KUALA KETIL,2134
016/32/06,016,BALING,32,KUALA KETIL,06,TAMAN BATU PEKAKA,1068
016/32/07,016,BALING,32,KUALA KETIL,07,BATU PEKAKA,1354
016/32/08,016,BALING,32,KUALA KETIL,08,KAMPUNG THYE SENG,473
016/32/09,016,BALING,32,KUALA KETIL,09,KUALA KULI,1006
016/32/10,016,BALING,32,KUALA KETIL,10,KAMPUNG JAWA,711
016/32/11,016,BALING,32,KUALA KETIL,11,PADANG GEH,1152
016/32/12,016,BALING,32,KUALA KETIL,12,KUALA MERAH,636
016/32/13,016,BALING,32,KUALA KETIL,13,PARIT PANJANG,2429
016/32/14,016,BALING,32,KUALA KETIL,14,KAMPUNG TEMBAK,2140
016/32/15,016,BALING,32,KUALA KETIL,15,PAYA BESAR,1444
016/32/16,016,BALING,32,KUALA KETIL,16,KUALA SAMAK,1216
016/32/17,016,BALING,32,KUALA KETIL,17,BINJOL DALAM,986
016/32/18,016,BALING,32,KUALA KETIL,18,KAMPUNG TAWAR,944
016/32/19,016,BALING,32,KUALA KETIL,19,PEKAN TAWAR,906
016/32/20,016,BALING,32,KUALA KETIL,20,BINJAL LUAR,977
016/32/21,016,BALING,32,KUALA KETIL,21,LADANG MALAKOFF,791
016/32/22,016,BALING,32,KUALA KETIL,22,KEJAI,2113
016/32/23,016,BALING,32,KUALA KETIL,23,KAMPUNG BAKAI,527
016/32/24,016,BALING,32,KUALA KETIL,24,PELAM,588
017/33/01,017,PADANG SERAI,33,MERBAU PULAS,01,GUAR LOBAK,2816
017/33/02,017,PADANG SERAI,33,MERBAU PULAS,02,SIDAM KANAN,1604
017/33/03,017,PADANG SERAI,33,MERBAU PULAS,03,KUALA SEDIM,1015
017/33/04,017,PADANG SERAI,33,MERBAU PULAS,04,PEKAN MERBAU PULAS,1358
017/33/05,017,PADANG SERAI,33,MERBAU PULAS,05,KAMPUNG JEMERLI,1071
017/33/06,017,PADANG SERAI,33,MERBAU PULAS,06,BAGAN SENA,2296
017/33/07,017,PADANG SERAI,33,MERBAU PULAS,07,SUNGAI KARANGAN,1824
017/33/08,017,PADANG SERAI,33,MERBAU PULAS,08,PADANG MEIHA,1276
017/33/09,017,PADANG SERAI,33,MERBAU PULAS,09,LADANG PADANG MEIHA,881
017/33/10,017,PADANG SERAI,33,MERBAU PULAS,10,BATU PUTEH,708
017/33/11,017,PADANG SERAI,33,MERBAU PULAS,11,BUKIT SEDIM,417
017/33/12,017,PADANG SERAI,33,MERBAU PULAS,12,KAMPUNG BIKAN,1538
017/33/13,017,PADANG SERAI,33,MERBAU PULAS,13,KAMPUNG JANGKANG,1714
017/33/14,017,PADANG SERAI,33,MERBAU PULAS,14,SUNGAI KOB,2345
017/33/15,017,PADANG SERAI,33,MERBAU PULAS,15,KAMPUNG SUNGAI ULAR,1536
017/33/16,017,PADANG SERAI,33,MERBAU PULAS,16,KULIM HIGH TECH,1862
017/33/17,017,PADANG SERAI,33,MERBAU PULAS,17,PADANG CHINA,504
017/33/18,017,PADANG SERAI,33,MERBAU PULAS,18,TAMAN PERAK,987
017/33/19,017,PADANG SERAI,33,MERBAU PULAS,19,TAMAN SENANGIN,2091
017/33/20,017,PADANG SERAI,33,MERBAU PULAS,20,KAMPUNG BARU,721
017/33/21,017,PADANG SERAI,33,MERBAU PULAS,21,JALAN SERDANG,1119
017/34/01,017,PADANG SERAI,34,LUNAS,01,HENRIETTA,2160
017/34/02,017,PADANG SERAI,34,LUNAS,02,VICTORIA,1337
017/34/03,017,PADANG SERAI,34,LUNAS,03,NAGA LILIT,1808
017/34/04,017,PADANG SERAI,34,LUNAS,04,SUNGAI SELUANG,4168
017/34/05,017,PADANG SERAI,34,LUNAS,05,BATU ENAM,2084
017/34/06,017,PADANG SERAI,34,LUNAS,06,KAMPUNG BARU LUNAS,942
017/34/07,017,PADANG SERAI,34,LUNAS,07,PEKAN LUNAS,1379
017/34/08,017,PADANG SERAI,34,LUNAS,08,TAMAN SEJAHTERA,2324
017/34/09,017,PADANG SERAI,34,LUNAS,09,PAYA BESAR,3615
017/34/10,017,PADANG SERAI,34,LUNAS,10,TAMAN LOBAK,4096
017/34/11,017,PADANG SERAI,34,LUNAS,11,SUNGAI LIMAU,1026
017/34/12,017,PADANG SERAI,34,LUNAS,12,KAMPUNG KELADI,2756
017/34/13,017,PADANG SERAI,34,LUNAS,13,TAMAN SELASIH,4649
017/34/14,017,PADANG SERAI,34,LUNAS,14,SIMPANG TIGA KELADI,1657
017/34/15,017,PADANG SERAI,34,LUNAS,15,KAMPUNG DUSUN,929
017/34/16,017,PADANG SERAI,34,LUNAS,16,KELANG SAGO,1533
017/34/17,017,PADANG SERAI,34,LUNAS,17,BANDAR PUTRA,2362
017/34/18,017,PADANG SERAI,34,LUNAS,18,TAMAN ANGSANA,1373
017/34/19,017,PADANG SERAI,34,LUNAS,19,TAMAN SEMARAK,902
017/34/20,017,PADANG SERAI,34,LUNAS,20,PEKAN PADANG SERAI,1769
017/34/21,017,PADANG SERAI,34,LUNAS,21,JALAN BALING,1215
017/34/22,017,PADANG SERAI,34,LUNAS,22,JALAN LUNAS,854
018/35/01,018,KULIM-BANDAR BAHARU,35,KULIM,01,KAMPUNG TEBUAN,1476
018/35/02,018,KULIM-BANDAR BAHARU,35,KULIM,02,ULU MAHANG,1168
018/35/03,018,KULIM-BANDAR BAHARU,35,KULIM,03,PEKAN MAHANG,1055
018/35/04,018,KULIM-BANDAR BAHARU,35,KULIM,04,LADANG SUNGAI DINGIN,481
018/35/05,018,KULIM-BANDAR BAHARU,35,KULIM,05,FELDA GUNONG BONGSU,1494
018/35/06,018,KULIM-BANDAR BAHARU,35,KULIM,06,KARANGAN,1430
018/35/07,018,KULIM-BANDAR BAHARU,35,KULIM,07,TERAP,1591
018/35/08,018,KULIM-BANDAR BAHARU,35,KULIM,08,LADANG SUNGAI ULAR,592
018/35/09,018,KULIM-BANDAR BAHARU,35,KULIM,09,LADANG ANAK KULIM,687
018/35/10,018,KULIM-BANDAR BAHARU,35,KULIM,10,JALAN TUNKU BENDAHARA,1398
018/35/11,018,KULIM-BANDAR BAHARU,35,KULIM,11,TAMAN KENARI,4472
018/35/12,018,KULIM-BANDAR BAHARU,35,KULIM,12,TAMAN TUNKU PUTRA,2510
018/35/13,018,KULIM-BANDAR BAHARU,35,KULIM,13,TAMAN SERI KULIM,1085
018/35/14,018,KULIM-BANDAR BAHARU,35,KULIM,14,PEKAN KULIM,750
018/35/15,018,KULIM-BANDAR BAHARU,35,KULIM,15,JALAN TUNKU PUTRA,672
018/35/16,018,KULIM-BANDAR BAHARU,35,KULIM,16,JALAN IBRAHIM,970
018/35/17,018,KULIM-BANDAR BAHARU,35,KULIM,17,BUKIT AWI,790
018/35/18,018,KULIM-BANDAR BAHARU,35,KULIM,18,TAMAN BERSATU,3088
018/35/19,018,KULIM-BANDAR BAHARU,35,KULIM,19,AYER MERAH,1403
018/35/20,018,KULIM-BANDAR BAHARU,35,KULIM,20,TAMAN ANGGERIK,3308
018/35/21,018,KULIM-BANDAR BAHARU,35,KULIM,21,JUNJONG,1192
018/35/22,018,KULIM-BANDAR BAHARU,35,KULIM,22,PADANG PENYANGGA,2041
018/35/23,018,KULIM-BANDAR BAHARU,35,KULIM,23,DURIAN BURONG,816
018/36/01,018,KULIM-BANDAR BAHARU,36,BANDAR BAHARU,01,SUNGAI BATU,1075
018/36/02,018,KULIM-BANDAR BAHARU,36,BANDAR BAHARU,02,SUNGAI TAKA,1249
018/36/03,018,KULIM-BANDAR BAHARU,36,BANDAR BAHARU,03,SUNGAI TENGAS,1972
018/36/04,018,KULIM-BANDAR BAHARU,36,BANDAR BAHARU,04,SELAMA,1357
018/36/05,018,KULIM-BANDAR BAHARU,36,BANDAR BAHARU,05,BATU LINTANG,1397
018/36/06,018,KULIM-BANDAR BAHARU,36,BANDAR BAHARU,06,KAMPUNG EE GUAN,1474
018/36/07,018,KULIM-BANDAR BAHARU,36,BANDAR BAHARU,07,PEKAN SERDANG,2210
018/36/08,018,KULIM-BANDAR BAHARU,36,BANDAR BAHARU,08,BATU 16,1741
018/36/09,018,KULIM-BANDAR BAHARU,36,BANDAR BAHARU,09,RELAU,1716
018/36/10,018,KULIM-BANDAR BAHARU,36,BANDAR BAHARU,10,SUNGAI KECHIL ILLIR,1560
018/36/11,018,KULIM-BANDAR BAHARU,36,BANDAR BAHARU,11,AYER PUTEH,660
018/36/12,018,KULIM-BANDAR BAHARU,36,BANDAR BAHARU,12,TELOK SERA,1046
018/36/13,018,KULIM-BANDAR BAHARU,36,BANDAR BAHARU,13,PEKAN LUBOK BUNTAR,1207
018/36/14,018,KULIM-BANDAR BAHARU,36,BANDAR BAHARU,14,KERAT TELUNJOK,1177
018/36/15,018,KULIM-BANDAR BAHARU,36,BANDAR BAHARU,15,SUNGAI KECHIL ULU,2030
018/36/16,018,KULIM-BANDAR BAHARU,36,BANDAR BAHARU,16,PARIT NIBONG,1441
018/36/17,018,KULIM-BANDAR BAHARU,36,BANDAR BAHARU,17,PERMATANG PASIR,1385
018/36/18,018,KULIM-BANDAR BAHARU,36,BANDAR BAHARU,18,BANDAR BAHARU,1475